{"noiseless_mgr": {"final_fidelity": {"steps": [2048, 4096, 6144, 8192, 10240, 12288, 14336, 16384, 18432, 20480, 22528, 24576, 26624, 28672, 30720, 32768, 34816, 36864, 38912, 40960, 43008, 45056, 47104, 49152, 51200, 53248, 55296, 57344, 59392, 61440, 63488, 65536, 67584, 69632, 71680, 73728, 75776, 77824, 79872, 81920, 83968, 86016, 88064, 90112, 92160, 94208, 96256, 98304, 100352], "values": [0.8125, 0.80682, 0.81716, 0.80479, 0.84375, 0.87963, 0.92689, 0.97266, 0.9809, 0.98537, 0.9962, 0.99793, 0.99881, 0.99853, 1.0, 1.0, 1.0, 1.0, 1.0, 1.0, 1.0, 1.0, 1.0, 1.0, 1.0, 1.0, 1.0, 1.0, 1.0, 1.0, 1.0, 1.0, 1.0, 1.0, 1.0, 1.0, 1.0, 1.0, 1.0, 1.0, 1.0, 1.0, 1.0, 1.0, 1.0, 1.0, 1.0, 1.0, 1.0]}, "episode_completed": {"steps": [2048, 4096, 6144, 8192, 10240, 12288, 14336, 16384, 18432, 20480, 22528, 24576, 26624, 28672, 30720, 32768, 34816, 36864, 38912, 40960, 43008, 45056, 47104, 49152, 51200, 53248, 55296, 57344, 59392, 61440, 63488, 65536, 67584, 69632, 71680, 73728, 75776, 77824, 79872, 81920, 83968, 86016, 88064, 90112, 92160, 94208, 96256, 98304, 100352], "values": [0.76786, 0.75758, 0.79104, 0.72603, 0.8, 0.83951, 0.90566, 0.96875, 0.97222, 0.98049, 0.9924, 0.99724, 0.99762, 0.99804, 1.0, 1.0, 1.0, 1.0, 1.0, 1.0, 1.0, 1.0, 1.0, 1.0, 1.0, 1.0, 1.0, 1.0, 1.0, 1.0, 1.0, 1.0, 1.0, 1.0, 1.0, 1.0, 1.0, 1.0, 1.0, 1.0, 1.0, 1.0, 1.0, 1.0, 1.0, 1.0, 1.0, 1.0, 1.0]}, "episode_length": {"steps": [2048, 4096, 6144, 8192, 10240, 12288, 14336, 16384, 18432, 20480, 22528, 24576, 26624, 28672, 30720, 32768, 34816, 36864, 38912, 40960, 43008, 45056, 47104, 49152, 51200, 53248, 55296, 57344, 59392, 61440, 63488, 65536, 67584, 69632, 71680, 73728, 75776, 77824, 79872, 81920, 83968, 86016, 88064, 90112, 92160, 94208, 96256, 98304, 100352], "values": [26.35714, 28.19697, 27.38806, 28.13699, 25.925, 25.2716, 18.40566, 16.00781, 13.41667, 9.31707, 6.81369, 4.97514, 3.99524, 3.13949, 2.66667, 2.46769, 2.34967, 2.21997, 2.12251, 2.13456, 2.09955, 2.06259, 2.03111, 2.03726, 2.01464, 2.01471, 2.02522, 2.00731, 2.00587, 2.00736, 2.00732, 2.00734, 2.01031, 2.00587, 2.0325, 2.00441, 2.00147, 2.0, 2.01171, 2.00441, 2.0, 2.00146, 2.00442, 2.00147, 2.0, 2.0, 2.00147, 2.0, 2.00147]}, "entropy": {"steps": [4096, 6144, 8192, 10240, 12288, 14336, 16384, 18432, 20480, 22528, 24576, 26624, 28672, 30720, 32768, 34816, 36864, 38912, 40960, 43008, 45056, 47104, 49152, 51200, 53248, 55296, 57344, 59392, 61440, 63488, 65536, 67584, 69632, 71680, 73728, 75776, 77824, 79872, 81920, 83968, 86016, 88064, 90112, 92160, 94208, 96256, 98304, 100352], "values": [2.19699, 2.19566, 2.19288, 2.18838, 2.1801, 2.16673, 2.13918, 2.09434, 2.03979, 1.94139, 1.82267, 1.64844, 1.54357, 1.35351, 1.20061, 1.07619, 1.00355, 0.8817, 0.84541, 0.78823, 0.75803, 0.75392, 0.70304, 0.66921, 0.65892, 0.6586, 0.65589, 0.63028, 0.6271, 0.65242, 0.65421, 0.66663, 0.69252, 0.6756, 0.74089, 0.7245, 0.7175, 0.72774, 0.74244, 0.77733, 0.81631, 0.82575, 0.8377, 0.86357, 0.90282, 0.89027, 0.87626, 0.86791]}}, "mlp_100k_adam_baseline": {"entropy": {"steps": [4096, 6144, 12288, 14336, 16384, 18432, 20480, 22528, 24576, 26624, 28672, 30720, 32768, 34816, 36864, 38912, 40960, 43008, 45056, 47104, 49152, 51200, 53248, 55296, 57344, 59392, 61440, 63488, 65536, 67584, 69632, 71680, 73728, 75776, 77824, 79872, 81920, 83968, 86016, 88064, 90112, 92160, 94208, 96256, 100352], "values": [2.19715, 2.19685, 2.19641, 2.19373, 2.19222, 2.19044, 2.18758, 2.18394, 2.17955, 2.17523, 2.16815, 2.16029, 2.14729, 2.13384, 2.1208, 2.10003, 2.05794, 2.00366, 1.92685, 1.82583, 1.68094, 1.5858, 1.44603, 1.21103, 1.07051, 0.94048, 0.79091, 0.57517, 0.48648, 0.41345, 0.34311, 0.24653, 0.18767, 0.16084, 0.14276, 0.11382, 0.10471, 0.0831, 0.07399, 0.06986, 0.05384, 0.04415, 0.04072, 0.0325, 0.03028]}, "identity_frac": {"steps": [2048, 4096, 6144, 12288, 14336, 16384, 18432, 20480, 22528, 24576, 26624, 28672, 30720, 32768, 34816, 36864, 38912, 40960, 43008, 45056, 47104, 49152, 51200, 53248, 55296, 57344, 59392, 61440, 63488, 65536, 67584, 69632, 71680, 73728, 75776, 77824, 79872, 81920, 83968, 86016, 88064, 90112, 92160, 94208, 96256, 100352], "values": [0.10986, 0.10436, 0.12918, 0.11486, 0.12695, 0.1332, 0.13816, 0.13226, 0.13542, 0.13932, 0.14358, 0.15795, 0.17328, 0.15813, 0.18506, 0.19729, 0.20453, 0.2391, 0.2654, 0.28808, 0.37826, 0.3987, 0.48104, 0.56986, 0.63405, 0.6791, 0.74277, 0.84048, 0.88036, 0.88856, 0.91924, 0.95271, 0.96213, 0.96915, 0.97106, 0.97857, 0.98657, 0.98557, 0.99201, 0.98954, 0.99403, 0.99552, 0.9965, 0.99353, 0.99801, 0.99501]}, "fidelity": {"steps": [2048, 4096, 6144, 12288, 14336, 16384, 18432, 20480, 22528, 24576, 26624, 28672, 30720, 32768, 34816, 36864, 38912, 40960, 43008, 45056, 47104, 49152, 51200, 53248, 55296, 57344, 59392, 61440, 63488, 65536, 67584, 69632, 71680, 73728, 75776, 77824, 79872, 81920, 83968, 86016, 88064, 90112, 92160, 94208, 96256, 100352], "values": [0.2832, 0.27063, 0.28113, 0.26884, 0.28052, 0.28015, 0.28491, 0.27673, 0.28357, 0.29053, 0.29114, 0.28149, 0.28638, 0.29248, 0.28601, 0.30481, 0.31311, 0.32751, 0.33472, 0.35193, 0.37878, 0.36829, 0.38696, 0.43799, 0.43994, 0.44739, 0.44873, 0.47437, 0.47949, 0.47864, 0.48743, 0.49292, 0.49902, 0.49878, 0.49622, 0.5, 0.49683, 0.5, 0.5, 0.49951, 0.5, 0.49963, 0.49866, 0.5, 0.5, 0.5]}}}