{"checkpoint": "models/fixed_noise/final.pt", "config": {"experiment_name": "fixed_noise", "env": {"meta_noise": false, "amplitude_damping_rate": 0.05, "dephasing_rate": 0.02, "depolarizing_rate": 0.01, "bit_flip_rate": 0.0, "thermal_occupation": 0.0, "gate_time": 0.1, "completion_threshold": 0.93}, "train": {"total_timesteps": 200000, "learning_rate": 0.0003, "update_epochs": 8, "gamma": 0.95, "gae_lambda": 0.95, "clip_coef": 0.2, "ent_coef": 0.05, "vf_coef": 0.5, "vf_clip_coef": 0.2, "batch_size": 2048, "minibatch_size": 512, "seed": 42, "hidden_size": 128, "num_envs": 32, "num_workers": 4, "checkpoint_interval": 25000}}, "env_kwargs": {"meta_noise": false, "amplitude_damping_rate": 0.05, "dephasing_rate": 0.02, "depolarizing_rate": 0.01, "bit_flip_rate": 0.0, "thermal_occupation": 0.0, "gate_time": 0.1, "completion_threshold": 0.93}, "mode": "greedy", "seed": 42, "gate_names": {"0": "Hadamard Q0", "1": "Hadamard Q1", "2": "Pauli-X Q0", "3": "Pauli-X Q1", "4": "Pauli-Z Q0", "5": "Pauli-Z Q1", "6": "CNOT (0->1)", "7": "CNOT (1->0)", "8": "Identity"}, "episodes": [{"target": null, "steps": [{"step": 0, "action": null, "gate": null, "reward": 0.0, "fidelity": 0.5000000000000001, "max_fidelity": 0.5000000000000001, "entanglement": 0.0, "density_matrix": [[[1.0, 0.0], [0.0, 0.0], [0.0, 0.0], [0.0, 0.0]], [[0.0, 0.0], [0.0, 0.0], [0.0, 0.0], [0.0, 0.0]], [[0.0, 0.0], [0.0, 0.0], [0.0, 0.0], [0.0, 0.0]], [[0.0, 0.0], [0.0, 0.0], [0.0, 0.0], [0.0, 0.0]]]}, {"step": 1, "action": 0, "gate": "Hadamard Q0", "gate_probs": [0.9999, 0.0, 0.0, 0.0, 0.0, 0.0, 0.0001, 0.0, 0.0], "value_estimate": 0.94, "reward": -0.01, "fidelity": 0.24876741559014676, "max_fidelity": 0.5000000000000001, "entanglement": 0.0, "density_matrix": [[[0.494779, 0.0], [0.0, 0.0], [0.494531, 0.0], [0.0, 0.0]], [[0.0, 0.0], [0.002728, 0.0], [0.0, 0.0], [0.002727, 0.0]], [[0.494531, 0.0], [0.0, 0.0], [0.499737, 0.0], [0.0, 0.0]], [[0.0, 0.0], [0.002727, 0.0], [0.0, 0.0], [0.002755, 0.0]]]}, {"step": 2, "action": 6, "gate": "CNOT (0->1)", "gate_probs": [0.0001, 0.0, 0.0, 0.0, 0.0, 0.0, 0.9999, 0.0, 0.0], "value_estimate": 1.0001, "reward": 5.4834, "fidelity": 0.9834481811687313, "max_fidelity": 0.9834481811687313, "entanglement": 0.9668963948762336, "density_matrix": [[[0.489371, 0.0], [0.0, 0.0], [0.0, 0.0], [0.489121, 0.0]], [[0.0, 0.0], [0.005659, 0.0], [0.002697, 0.0], [0.0, 0.0]], [[0.0, 0.0], [0.002697, 0.0], [0.005686, 0.0], [0.0, 0.0]], [[0.489121, 0.0], [0.0, 0.0], [0.0, 0.0], [0.499284, 0.0]]]}], "length": 2, "final_fidelity": 0.9834481811687313, "completed": true, "episode_return": 5.473448181168731, "noise": {"amplitude_damping_rate": 0.05, "dephasing_rate": 0.02, "depolarizing_rate": 0.01, "bit_flip_rate": 0.0, "thermal_occupation": 0.0}}, {"target": null, "steps": [{"step": 0, "action": null, "gate": null, "reward": 0.0, "fidelity": 0.5000000000000001, "max_fidelity": 0.5000000000000001, "entanglement": 0.0, "density_matrix": [[[1.0, 0.0], [0.0, 0.0], [0.0, 0.0], [0.0, 0.0]], [[0.0, 0.0], [0.0, 0.0], [0.0, 0.0], [0.0, 0.0]], [[0.0, 0.0], [0.0, 0.0], [0.0, 0.0], [0.0, 0.0]], [[0.0, 0.0], [0.0, 0.0], [0.0, 0.0], [0.0, 0.0]]]}, {"step": 1, "action": 0, "gate": "Hadamard Q0", "gate_probs": [0.9999, 0.0, 0.0, 0.0, 0.0, 0.0, 0.0001, 0.0, 0.0], "value_estimate": 0.94, "reward": -0.01, "fidelity": 0.24876741559014676, "max_fidelity": 0.5000000000000001, "entanglement": 0.0, "density_matrix": [[[0.494779, 0.0], [0.0, 0.0], [0.494531, 0.0], [0.0, 0.0]], [[0.0, 0.0], [0.002728, 0.0], [0.0, 0.0], [0.002727, 0.0]], [[0.494531, 0.0], [0.0, 0.0], [0.499737, 0.0], [0.0, 0.0]], [[0.0, 0.0], [0.002727, 0.0], [0.0, 0.0], [0.002755, 0.0]]]}, {"step": 2, "action": 6, "gate": "CNOT (0->1)", "gate_probs": [0.0001, 0.0, 0.0, 0.0, 0.0, 0.0, 0.9999, 0.0, 0.0], "value_estimate": 1.0001, "reward": 5.4834, "fidelity": 0.9834481811687313, "max_fidelity": 0.9834481811687313, "entanglement": 0.9668963948762336, "density_matrix": [[[0.489371, 0.0], [0.0, 0.0], [0.0, 0.0], [0.489121, 0.0]], [[0.0, 0.0], [0.005659, 0.0], [0.002697, 0.0], [0.0, 0.0]], [[0.0, 0.0], [0.002697, 0.0], [0.005686, 0.0], [0.0, 0.0]], [[0.489121, 0.0], [0.0, 0.0], [0.0, 0.0], [0.499284, 0.0]]]}], "length": 2, "final_fidelity": 0.9834481811687313, "completed": true, "episode_return": 5.473448181168731, "noise": {"amplitude_damping_rate": 0.05, "dephasing_rate": 0.02, "depolarizing_rate": 0.01, "bit_flip_rate": 0.0, "thermal_occupation": 0.0}}, {"target": null, "steps": [{"step": 0, "action": null, "gate": null, "reward": 0.0, "fidelity": 0.5000000000000001, "max_fidelity": 0.5000000000000001, "entanglement": 0.0, "density_matrix": [[[1.0, 0.0], [0.0, 0.0], [0.0, 0.0], [0.0, 0.0]], [[0.0, 0.0], [0.0, 0.0], [0.0, 0.0], [0.0, 0.0]], [[0.0, 0.0], [0.0, 0.0], [0.0, 0.0], [0.0, 0.0]], [[0.0, 0.0], [0.0, 0.0], [0.0, 0.0], [0.0, 0.0]]]}, {"step": 1, "action": 0, "gate": "Hadamard Q0", "gate_probs": [0.9999, 0.0, 0.0, 0.0, 0.0, 0.0, 0.0001, 0.0, 0.0], "value_estimate": 0.94, "reward": -0.01, "fidelity": 0.24876741559014676, "max_fidelity": 0.5000000000000001, "entanglement": 0.0, "density_matrix": [[[0.494779, 0.0], [0.0, 0.0], [0.494531, 0.0], [0.0, 0.0]], [[0.0, 0.0], [0.002728, 0.0], [0.0, 0.0], [0.002727, 0.0]], [[0.494531, 0.0], [0.0, 0.0], [0.499737, 0.0], [0.0, 0.0]], [[0.0, 0.0], [0.002727, 0.0], [0.0, 0.0], [0.002755, 0.0]]]}, {"step": 2, "action": 6, "gate": "CNOT (0->1)", "gate_probs": [0.0001, 0.0, 0.0, 0.0, 0.0, 0.0, 0.9999, 0.0, 0.0], "value_estimate": 1.0001, "reward": 5.4834, "fidelity": 0.9834481811687313, "max_fidelity": 0.9834481811687313, "entanglement": 0.9668963948762336, "density_matrix": [[[0.489371, 0.0], [0.0, 0.0], [0.0, 0.0], [0.489121, 0.0]], [[0.0, 0.0], [0.005659, 0.0], [0.002697, 0.0], [0.0, 0.0]], [[0.0, 0.0], [0.002697, 0.0], [0.005686, 0.0], [0.0, 0.0]], [[0.489121, 0.0], [0.0, 0.0], [0.0, 0.0], [0.499284, 0.0]]]}], "length": 2, "final_fidelity": 0.9834481811687313, "completed": true, "episode_return": 5.473448181168731, "noise": {"amplitude_damping_rate": 0.05, "dephasing_rate": 0.02, "depolarizing_rate": 0.01, "bit_flip_rate": 0.0, "thermal_occupation": 0.0}}]}