{"checkpoint": "models/meta_noise/final.pt", "config": {"experiment_name": "meta_noise", "env": {"meta_noise": true, "amplitude_damping_rate": 0.0, "dephasing_rate": 0.0, "depolarizing_rate": 0.0, "bit_flip_rate": 0.0, "thermal_occupation": 0.0, "gate_time": 0.1, "completion_threshold": 0.8}, "train": {"total_timesteps": 200000, "learning_rate": 0.0003, "update_epochs": 8, "gamma": 0.95, "gae_lambda": 0.95, "clip_coef": 0.2, "ent_coef": 0.05, "vf_coef": 0.5, "vf_clip_coef": 0.2, "batch_size": 2048, "minibatch_size": 512, "seed": 42, "hidden_size": 128, "num_envs": 32, "num_workers": 4, "checkpoint_interval": 25000}}, "env_kwargs": {"meta_noise": true, "amplitude_damping_rate": 0.0, "dephasing_rate": 0.0, "depolarizing_rate": 0.0, "bit_flip_rate": 0.0, "thermal_occupation": 0.0, "gate_time": 0.1, "completion_threshold": 0.8}, "mode": "greedy", "seed": 42, "gate_names": {"0": "Hadamard Q0", "1": "Hadamard Q1", "2": "Pauli-X Q0", "3": "Pauli-X Q1", "4": "Pauli-Z Q0", "5": "Pauli-Z Q1", "6": "CNOT (0->1)", "7": "CNOT (1->0)", "8": "Identity"}, "episodes": [{"target": null, "steps": [{"step": 0, "action": null, "gate": null, "reward": 0.0, "fidelity": 0.5000000000000001, "max_fidelity": 0.5000000000000001, "entanglement": 0.0, "density_matrix": [[[1.0, 0.0], [0.0, 0.0], [0.0, 0.0], [0.0, 0.0]], [[0.0, 0.0], [0.0, 0.0], [0.0, 0.0], [0.0, 0.0]], [[0.0, 0.0], [0.0, 0.0], [0.0, 0.0], [0.0, 0.0]], [[0.0, 0.0], [0.0, 0.0], [0.0, 0.0], [0.0, 0.0]]]}, {"step": 1, "action": 0, "gate": "Hadamard Q0", "gate_probs": [0.9999, 0.0, 0.0, 0.0, 0.0, 0.0, 0.0, 0.0, 0.0], "value_estimate": 0.9376, "reward": -0.01, "fidelity": 0.24818106954284336, "max_fidelity": 0.5000000000000001, "entanglement": 0.0, "density_matrix": [[[0.490894, 0.0], [0.0, 0.0], [0.486221, 0.0], [0.0, 0.0]], [[0.0, 0.0], [0.005388, 0.0], [0.0, 0.0], [0.005336, 0.0]], [[0.486221, 0.0], [0.0, 0.0], [0.49825, 0.0], [0.0, 0.0]], [[0.0, 0.0], [0.005336, 0.0], [0.0, 0.0], [0.005468, 0.0]]]}, {"step": 2, "action": 6, "gate": "CNOT (0->1)", "gate_probs": [0.0, 0.0, 0.0, 0.0, 0.0, 0.0, 0.9999, 0.0, 0.0], "value_estimate": 1.0012, "reward": 5.4562, "fidelity": 0.9562328446349395, "max_fidelity": 0.9562328446349395, "entanglement": 0.9124657971980802, "density_matrix": [[[0.480336, 0.0], [0.0, 0.0], [0.0, 0.0], [0.468553, 0.0]], [[0.0, 0.0], [0.01228, 0.0], [0.006545, 0.0], [0.0, 0.0]], [[0.0, 0.0], [0.006545, 0.0], [0.01236, 0.0], [0.0, 0.0]], [[0.468553, 0.0], [0.0, 0.0], [0.0, 0.0], [0.495024, 0.0]]]}], "length": 2, "final_fidelity": 0.9562328446349395, "completed": true, "episode_return": 5.44623284463494, "noise": {"amplitude_damping_rate": 0.0749080237694725, "dephasing_rate": 0.09507143064099162, "depolarizing_rate": 0.03659969709057025, "bit_flip_rate": 0.02993292420985183, "thermal_occupation": 0.015601864044243652}}, {"target": null, "steps": [{"step": 0, "action": null, "gate": null, "reward": 0.0, "fidelity": 0.5000000000000001, "max_fidelity": 0.5000000000000001, "entanglement": 0.0, "density_matrix": [[[1.0, 0.0], [0.0, 0.0], [0.0, 0.0], [0.0, 0.0]], [[0.0, 0.0], [0.0, 0.0], [0.0, 0.0], [0.0, 0.0]], [[0.0, 0.0], [0.0, 0.0], [0.0, 0.0], [0.0, 0.0]], [[0.0, 0.0], [0.0, 0.0], [0.0, 0.0], [0.0, 0.0]]]}, {"step": 1, "action": 0, "gate": "Hadamard Q0", "gate_probs": [0.9999, 0.0, 0.0, 0.0, 0.0, 0.0, 0.0, 0.0, 0.0], "value_estimate": 0.9376, "reward": -0.01, "fidelity": 0.24923508075113515, "max_fidelity": 0.5000000000000001, "entanglement": 0.0, "density_matrix": [[[0.494974, 0.0], [0.0, 0.0], [0.493203, 0.0], [0.0, 0.0]], [[0.0, 0.0], [0.003475, 0.0], [0.0, 0.0], [0.003462, 0.0]], [[0.493203, 0.0], [0.0, 0.0], [0.498055, 0.0], [0.0, 0.0]], [[0.0, 0.0], [0.003462, 0.0], [0.0, 0.0], [0.003496, 0.0]]]}, {"step": 2, "action": 6, "gate": "CNOT (0->1)", "gate_probs": [0.0, 0.0, 0.0, 0.0, 0.0, 0.0, 0.9999, 0.0, 0.0], "value_estimate": 1.0157, "reward": 5.4764, "fidelity": 0.976403729806921, "max_fidelity": 0.976403729806921, "entanglement": 0.9528074431806999, "density_matrix": [[[0.488131, 0.0], [0.0, 0.0], [0.0, 0.0], [0.485197, 0.0]], [[0.0, 0.0], [0.008783, 0.0], [0.004864, 0.0], [0.0, 0.0]], [[0.0, 0.0], [0.004864, 0.0], [0.008804, 0.0], [0.0, 0.0]], [[0.485197, 0.0], [0.0, 0.0], [0.0, 0.0], [0.494282, 0.0]]]}], "length": 2, "final_fidelity": 0.976403729806921, "completed": true, "episode_return": 5.466403729806921, "noise": {"amplitude_damping_rate": 0.031198904067240532, "dephasing_rate": 0.005808361216819946, "depolarizing_rate": 0.04330880728874676, "bit_flip_rate": 0.03005575058716044, "thermal_occupation": 0.07080725777960455}}, {"target": null, "steps": [{"step": 0, "action": null, "gate": null, "reward": 0.0, "fidelity": 0.5000000000000001, "max_fidelity": 0.5000000000000001, "entanglement": 0.0, "density_matrix": [[[1.0, 0.0], [0.0, 0.0], [0.0, 0.0], [0.0, 0.0]], [[0.0, 0.0], [0.0, 0.0], [0.0, 0.0], [0.0, 0.0]], [[0.0, 0.0], [0.0, 0.0], [0.0, 0.0], [0.0, 0.0]], [[0.0, 0.0], [0.0, 0.0], [0.0, 0.0], [0.0, 0.0]]]}, {"step": 1, "action": 0, "gate": "Hadamard Q0", "gate_probs": [0.9999, 0.0, 0.0, 0.0, 0.0, 0.0, 0.0, 0.0, 0.0], "value_estimate": 0.9376, "reward": -0.01, "fidelity": 0.24989799514107214, "max_fidelity": 0.5000000000000001, "entanglement": 0.0, "density_matrix": [[[0.498284, 0.0], [0.0, 0.0], [0.491522, 0.0], [0.0, 0.0]], [[0.0, 0.0], [0.001511, 0.0], [0.0, 0.0], [0.00149, 0.0]], [[0.491522, 0.0], [0.0, 0.0], [0.498693, 0.0], [0.0, 0.0]], [[0.0, 0.0], [0.00149, 0.0], [0.0, 0.0], [0.001512, 0.0]]]}, {"step": 2, "action": 6, "gate": "CNOT (0->1)", "gate_probs": [0.0, 0.0, 0.0, 0.0, 0.0, 0.0, 0.9999, 0.0, 0.0], "value_estimate": 1.0181, "reward": 5.4731, "fidelity": 0.9730700012688464, "max_fidelity": 0.9730700012688464, "entanglement": 0.9461400026261326, "density_matrix": [[[0.495288, 0.0], [0.0, 0.0], [0.0, 0.0], [0.477374, 0.0]], [[0.0, 0.0], [0.004303, 0.0], [0.001954, 0.0], [0.0, 0.0]], [[0.0, 0.0], [0.001954, 0.0], [0.004304, 0.0], [0.0, 0.0]], [[0.477374, 0.0], [0.0, 0.0], [0.0, 0.0], [0.496105, 0.0]]]}], "length": 2, "final_fidelity": 0.9730700012688464, "completed": true, "episode_return": 5.4630700012688465, "noise": {"amplitude_damping_rate": 0.004116898859160489, "dephasing_rate": 0.09699098521619944, "depolarizing_rate": 0.04162213204002109, "bit_flip_rate": 0.010616955533913808, "thermal_occupation": 0.018182496720710064}}, {"target": null, "steps": [{"step": 0, "action": null, "gate": null, "reward": 0.0, "fidelity": 0.5000000000000001, "max_fidelity": 0.5000000000000001, "entanglement": 0.0, "density_matrix": [[[1.0, 0.0], [0.0, 0.0], [0.0, 0.0], [0.0, 0.0]], [[0.0, 0.0], [0.0, 0.0], [0.0, 0.0], [0.0, 0.0]], [[0.0, 0.0], [0.0, 0.0], [0.0, 0.0], [0.0, 0.0]], [[0.0, 0.0], [0.0, 0.0], [0.0, 0.0], [0.0, 0.0]]]}, {"step": 1, "action": 0, "gate": "Hadamard Q0", "gate_probs": [0.9999, 0.0, 0.0, 0.0, 0.0, 0.0, 0.0, 0.0, 0.0], "value_estimate": 0.9376, "reward": -0.01, "fidelity": 0.24909816046611666, "max_fidelity": 0.5000000000000001, "entanglement": 0.0, "density_matrix": [[[0.495115, 0.0], [0.0, 0.0], [0.493164, 0.0], [0.0, 0.0]], [[0.0, 0.0], [0.003059, 0.0], [0.0, 0.0], [0.003047, 0.0]], [[0.493164, 0.0], [0.0, 0.0], [0.498745, 0.0], [0.0, 0.0]], [[0.0, 0.0], [0.003047, 0.0], [0.0, 0.0], [0.003081, 0.0]]]}, {"step": 2, "action": 6, "gate": "CNOT (0->1)", "gate_probs": [0.0, 0.0, 0.0, 0.0, 0.0, 0.0, 0.9999, 0.0, 0.0], "value_estimate": 1.0162, "reward": 5.4774, "fidelity": 0.9773749630096474, "max_fidelity": 0.9773749630096474, "entanglement": 0.9547499068540953, "density_matrix": [[[0.489072, 0.0], [0.0, 0.0], [0.0, 0.0], [0.484678, 0.0]], [[0.0, 0.0], [0.007292, 0.0], [0.004041, 0.0], [0.0, 0.0]], [[0.0, 0.0], [0.004041, 0.0], [0.007314, 0.0], [0.0, 0.0]], [[0.484678, 0.0], [0.0, 0.0], [0.0, 0.0], [0.496323, 0.0]]]}], "length": 2, "final_fidelity": 0.9773749630096474, "completed": true, "episode_return": 5.4673749630096475, "noise": {"amplitude_damping_rate": 0.03668090197068676, "dephasing_rate": 0.030424224295953775, "depolarizing_rate": 0.026237821581611892,